{"cameraMode":{"drawMode":0,"name":"Shaded","section":"Shading Mode"},"sceneLighting":false,"audioPlay":false,"sceneViewState":{"showFog":true,"showMaterialUpdate":false,"showSkybox":true,"showFlares":true,"showImageEffects":true,"showParticleSystems":true},"in2DMode":false,"pivot":{"x":3.880000114440918,"y":4.739999771118164,"z":-5.940000057220459},"rotation":{"x":-0.04466570168733597,"y":0.9552881121635437,"z":-0.21142490208148957,"w":-0.20181435346603394},"size":22.0,"orthographic":false}